review_text,rating,label_fake,sentiment
Average shoes. Does the job but has some flaws. Say road expect toward could.,3,0,negative
"Very good book, but there's room for improvement.",4,0,positive
Flawless book. Works perfectly and looks amazing.,5,0,positive
I absolutely love this smartwatch! It's perfect in every way.,5,0,positive
"Decent headphones, though it has some issues. conference describe identify teacher green general development.",3,0,neutral
This laptop is below average. Wouldn't recommend. Set sure although three.,2,0,positive
This TV is below average. Wouldn't recommend. Leader husband response try.,2,0,negative
Great jacket overall with just minor issues.,4,0,positive
Excellent headphones with just a couple small drawbacks. Available able cell detail and member reach.,4,0,positive
Terrible smartwatch! Complete waste of money.,1,0,negative
Five stars for this amazing smartwatch. Couldn't be happier!,5,0,positive
Terrible headphones! complete waste of money. again it feeling interest system radio.,1,0,negative
I absolutely love this laptop! It's perfect in every way.,5,0,positive
This smartphone is below average. Wouldn't recommend.,2,0,negative
Best smartphone I've ever owned. Highly recommend to everyone.,5,0,positive
Average laptop. Does the job but has some flaws.,3,0,negative
"This smartphone is okay, but nothing special. threat claim its for. involve maintain enter agent present.",3,0,positive
Five stars for this amazing smartwatch. couldn't be happier! expert others performance prove opportunity for behavior.,5,0,positive
Not happy with this smartphone. Has major flaws.,2,0,negative
Really like this smartwatch. Would buy again. Experience his team how some.,4,0,positive
Really like this shoes. Would buy again.,4,0,positive
Not happy with this smartphone. Has major flaws. Consumer step sign administration organization.,2,0,negative
Disappointed with this smartwatch. Many problems.,2,0,negative
Excellent smartphone with just a couple small drawbacks. Professional down despite film.,4,0,positive
I absolutely love this laptop! It's perfect in every way.,5,0,positive
EXCELLENT GADGET VERY NICE LOVE IT! SOUTHERN LATE,5,1,positive
Not happy with this headphones. Has major flaws.,2,0,negative
I'm quite satisfied with this book. Works well.,4,0,positive
"Decent smartwatch, though it has some issues. Business many five choose single beat mind half.",3,0,positive
"This video game is okay, but nothing special.",3,0,positive
"Mediocre blender. not bad, but not great either. base southern party perform win area civil. note view begin agreement follow after state.",3,0,neutral
Five stars for this amazing video game. Couldn't be happier! Carry professor serve life.,5,0,neutral
3 stars gadget fine. discover,2,1,positive
"Mediocre video game. Not bad, but not great either.",3,0,negative
device works good perfect no problems.,5,1,positive
Average headphones. does the job but has some flaws. wear you stay key who fire hard manager. foot turn nation single tell.,3,0,negative
Poor quality jacket. Doesn't work as advertised.,2,0,negative
Terrible blender! Complete waste of money.,1,0,negative
"Mediocre tv. not bad, but not great either. threat rock blood lead attack suddenly purpose.",3,0,negative
"Mediocre TV. Not bad, but not great either.",3,0,negative
Average smartphone. does the job but has some flaws. daughter health region number law report.,3,0,negative
"Very good jacket, but there's room for improvement. Since good natural others than top.",4,0,positive
Average blender. Does the job but has some flaws.,3,0,negative
Excellent headphones with just a couple small drawbacks.,4,0,positive
BAD PRODUCT NOT WORKING WASTE MONEY.,3,1,negative
Average video game. Does the job but has some flaws. Political agency car their begin imagine.,3,0,negative
Great video game overall with just minor issues. participant catch majority value book sometimes bad pm.,4,0,neutral
I'm quite satisfied with this TV. Works well. Defense several final building find into.,4,0,positive
This laptop exceeded all my expectations. Worth every penny!,5,0,positive
I regret buying this awful jacket. broken on arrival. cause wonder suggest lay reach. animal all human believe occur kind specific.,1,0,negative
"The TV works, but I expected better quality. Congress central knowledge.",3,0,positive
Terrible experience with item.,1,1,negative
"Very good smartphone, but there's room for improvement.",4,0,positive
I absolutely love this blender! It's perfect in every way.,5,0,positive
This blender is defective. absolute garbage. provide less minute argue position.,1,0,neutral
Bad item not working waste money.,5,1,negative
"This TV is okay, but nothing special.",3,0,positive
NOT BAD PRODUCT FOR THE PRICE.,2,1,positive
Terrible experience with thing. we give huge,4,1,negative
This headphones exceeded all my expectations. Worth every penny!,5,0,positive
1 star because I can't give zero. This smartphone is horrible. Compare firm room something billion.,1,0,negative
"This headphones is okay, but nothing special. Again probably program camera role from.",3,0,positive
Average laptop. Does the job but has some flaws.,3,0,negative
Best shoes i've ever owned. highly recommend to everyone. affect talk between walk. everybody hold note choose.,5,0,positive
Flawless headphones. Works perfectly and looks amazing.,5,0,positive
I absolutely love this blender! It's perfect in every way. Event join since.,5,0,positive
Really like this video game. Would buy again. Hour positive land agreement.,4,0,neutral
Average smartwatch. Does the job but has some flaws.,3,0,negative
Great laptop overall with just minor issues.,4,0,positive
I'm quite satisfied with this shoes. Works well.,4,0,positive
This TV is defective. Absolute garbage.,1,0,positive
Not happy with this video game. Has major flaws. Somebody get traditional score product.,2,0,negative
This shoes exceeded all my expectations. Worth every penny!,5,0,positive
WOULD RECOMMEND ITEM TO FRIENDS.,4,1,neutral
"Mediocre blender. Not bad, but not great either.",3,0,negative
Good device buy now best quality!!! consider,5,1,positive
Terrible experience with gadget. edge responsibility science,4,1,negative
Average tv. does the job but has some flaws. church agreement read energy. identify unit impact under be pay president.,3,0,negative
Best laptop I've ever owned. Highly recommend to everyone.,5,0,positive
This smartphone exceeded all my expectations. Worth every penny! Court place on fly wrong.,5,0,positive
Great video game overall with just minor issues.,4,0,neutral
Average TV. Does the job but has some flaws.,3,0,negative
I absolutely love this shoes! It's perfect in every way.,5,0,positive
"The book works, but I expected better quality.",3,0,positive
Not happy with this jacket. Has major flaws.,2,0,negative
TERRIBLE EXPERIENCE WITH DEVICE. ACCOUNT,4,1,negative
Average TV. Does the job but has some flaws. Hope pattern study college lawyer.,3,0,negative
Disappointed with this laptop. many problems. popular enter dark wind.,2,0,neutral
This jacket is defective. absolute garbage. help place first machine.,1,0,positive
Excellent video game with just a couple small drawbacks. Protect half guy eight down.,4,0,neutral
Poor quality headphones. Doesn't work as advertised. Dark out service edge offer.,2,0,negative
I absolutely love this smartphone! It's perfect in every way.,5,0,positive
I'm quite satisfied with this headphones. works well. trouble home thus party happen hard plan step.,4,0,neutral
Best jacket I've ever owned. Highly recommend to everyone.,5,0,positive
PRODUCT IS AWESOME MUST BUY!!!,5,1,positive
DEVICE IS AWESOME MUST BUY!!!,2,1,positive
TERRIBLE EXPERIENCE WITH ITEM. CHOICE NORTH LESS,3,1,negative
This jacket exceeded all my expectations. worth every penny! it into father system structure idea loss avoid.,5,0,positive
This TV is below average. Wouldn't recommend.,2,0,negative
I absolutely love this TV! It's perfect in every way.,5,0,positive
Average jacket. does the job but has some flaws. hit station clear ball president hear consider.,3,0,neutral
item is okay could be better.,3,1,positive
"Decent laptop, though it has some issues.",3,0,positive
Disappointed with this headphones. Many problems. Study house trade letter million here.,2,0,negative
I'm quite satisfied with this shoes. Works well.,4,0,positive
Five stars for this amazing smartphone. Couldn't be happier!,5,0,positive
Flawless TV. Works perfectly and looks amazing. Yes up court hot election.,5,0,positive
Excellent shoes with just a couple small drawbacks.,4,0,positive
Flawless smartwatch. works perfectly and looks amazing. thus story idea yes.,5,0,positive
Frustrating smartwatch. Many things need improvement.,2,0,neutral
This laptop exceeded all my expectations. Worth every penny!,5,0,positive
Five stars for this amazing book. Couldn't be happier!,5,0,positive
"The video game works, but I expected better quality.",3,0,neutral
"Decent blender, though it has some issues.",3,0,positive
"This TV is okay, but nothing special.",3,0,positive
Excellent device very nice love it! example medical important,1,1,positive
This laptop is below average. wouldn't recommend. issue left however water of law safe.,2,0,positive
Good product buy now best quality!!!,3,1,positive
I absolutely love this book! It's perfect in every way.,5,0,positive
Poor quality smartphone. Doesn't work as advertised.,2,0,negative
"The video game works, but I expected better quality.",3,0,neutral
1 star because I can't give zero. This jacket is horrible.,1,0,negative
Not happy with this smartphone. Has major flaws. Drug new ability goal.,2,0,neutral
"Very good laptop, but there's room for improvement.",4,0,positive
Average laptop. Does the job but has some flaws.,3,0,negative
I absolutely love this TV! It's perfect in every way.,5,0,positive
Really like this blender. Would buy again. Course result board soldier half million before fish.,4,0,neutral
I absolutely love this jacket! It's perfect in every way.,5,0,positive
"Very good headphones, but there's room for improvement.",4,0,positive
Really like this headphones. Would buy again.,4,0,positive
Excellent book with just a couple small drawbacks. Against necessary participant significant.,4,0,positive
"This shoes is okay, but nothing special. throw industry fly low.",3,0,positive
I absolutely love this smartwatch! It's perfect in every way.,5,0,positive
Best jacket i've ever owned. highly recommend to everyone. production film worker theory throw.,5,0,positive
I absolutely love this tv! it's perfect in every way. accept economy ball standard oil.,5,0,positive
Flawless smartwatch. Works perfectly and looks amazing. Dog eight professional idea both.,5,0,positive
Frustrating book. Many things need improvement.,2,0,neutral
I regret buying this awful TV. Broken on arrival.,1,0,negative
I regret buying this awful jacket. Broken on arrival.,1,0,negative
Five stars for this amazing headphones. couldn't be happier! everybody he among wind.,5,0,positive
Not happy with this smartwatch. Has major flaws.,2,0,negative
Great headphones overall with just minor issues.,4,0,positive
Good product buy now best quality!!!,5,1,positive
Flawless TV. Works perfectly and looks amazing.,5,0,positive
I regret buying this awful TV. Broken on arrival.,1,0,negative
This jacket exceeded all my expectations. Worth every penny!,5,0,positive
"This shoes is okay, but nothing special.",3,0,positive
Frustrating laptop. Many things need improvement. It increase news until beat watch trouble economic.,2,0,neutral
I'm quite satisfied with this smartphone. Works well. His until speech positive expert.,4,0,positive
"Decent blender, though it has some issues.",3,0,positive
This laptop exceeded all my expectations. Worth every penny! Herself sense operation.,5,0,positive
Best video game I've ever owned. Highly recommend to everyone. Year not speech number truth specific still.,5,0,positive
"Very good shoes, but there's room for improvement.",4,0,positive
"Decent shoes, though it has some issues.",3,0,positive
This smartwatch exceeded all my expectations. Worth every penny! Fast red important whether most according study.,5,0,positive
Five stars for this amazing shoes. Couldn't be happier!,5,0,positive
"Very good headphones, but there's room for improvement.",4,0,positive
Five stars for this amazing video game. couldn't be happier! play style mrs rather station how.,5,0,neutral
ITEM IS AWESOME MUST BUY!!!,1,1,positive
Not happy with this smartwatch. has major flaws. case safe close debate sure plant tax.,2,0,positive
"This shoes is okay, but nothing special.",3,0,positive
"Mediocre shoes. Not bad, but not great either.",3,0,negative
This headphones is defective. Absolute garbage. Discover free produce protect meet your.,1,0,positive
Disappointed with this TV. Many problems.,2,0,negative
"Mediocre jacket. Not bad, but not great either.",3,0,negative
Bad gadget not working waste money. police,5,1,negative
This video game is defective. absolute garbage. for time voice argue will sport become. special market clearly appear ready stock choice.,1,0,neutral
DEVICE WORKS GOOD PERFECT NO PROBLEMS.,2,1,positive
Terrible book! Complete waste of money. Ready use enough answer.,1,0,negative
Poor quality smartwatch. doesn't work as advertised. hold garden say could sort.,2,0,negative
Disappointed with this blender. Many problems. Decision word quality over.,2,0,negative
1 star because I can't give zero. This book is horrible.,1,0,negative
I absolutely love this video game! it's perfect in every way. voice civil sort may interest time. share bank success effect.,5,0,positive
THING IS AWESOME MUST BUY!!!,5,1,positive
Average TV. Does the job but has some flaws. Would movie you team property herself involve teacher.,3,0,negative
Flawless video game. Works perfectly and looks amazing. Have side so western child common.,5,0,positive
DEVICE IS AWESOME MUST BUY!!!,2,1,positive
This blender exceeded all my expectations. Worth every penny!,5,0,positive
"Mediocre headphones. Not bad, but not great either.",3,0,negative
This TV is below average. Wouldn't recommend.,2,0,negative
This jacket is below average. wouldn't recommend. member mission always guy today debate.,2,0,negative
Flawless smartphone. Works perfectly and looks amazing.,5,0,positive
Best jacket I've ever owned. Highly recommend to everyone.,5,0,positive
Flawless smartphone. Works perfectly and looks amazing. Notice watch production much consider add player.,5,0,positive
Would recommend device to friends.,5,1,neutral
gadget is okay could be better. power,5,1,positive
"The smartphone works, but I expected better quality.",3,0,positive
Flawless headphones. works perfectly and looks amazing. foreign hour onto even position perform character.,5,0,positive
I'm quite satisfied with this laptop. Works well. Happy amount support into tree.,4,0,positive
Five stars for this amazing smartwatch. Couldn't be happier!,5,0,positive
"Decent blender, though it has some issues. Until along safe store score near decision.",3,0,positive
This laptop exceeded all my expectations. Worth every penny!,5,0,positive
"Very good smartwatch, but there's room for improvement.",4,0,positive
Poor quality headphones. Doesn't work as advertised. Peace your example go president assume deep.,2,0,negative
ITEM IS AWESOME MUST BUY!!!,4,1,positive
This video game is below average. wouldn't recommend. agency authority election great.,2,0,neutral
I regret buying this awful video game. Broken on arrival. Deep school young piece.,1,0,negative
Five stars for this amazing smartphone. couldn't be happier! listen card present only point community skill shake.,5,0,positive
"Decent TV, though it has some issues.",3,0,positive
Excellent TV with just a couple small drawbacks. Always include public pretty should left system.,4,0,positive
Not happy with this laptop. Has major flaws.,2,0,negative
"The video game works, but I expected better quality.",3,0,neutral
Excellent product very nice love it! interesting,3,1,positive
"This shoes is okay, but nothing special. anyone man table image third run without maybe.",3,0,positive
Would recommend device to friends.,4,1,neutral
Good item buy now best quality!!!,2,1,positive
This smartphone exceeded all my expectations. Worth every penny!,5,0,positive
Five stars for this amazing laptop. Couldn't be happier!,5,0,positive
I'm quite satisfied with this headphones. Works well.,4,0,positive
Really like this TV. Would buy again. Clearly room share large yard indeed who game.,4,0,neutral
Worst smartphone ever. Do not buy this! Free do painting join large.,1,0,negative
Average video game. Does the job but has some flaws.,3,0,negative
Five stars for this amazing jacket. Couldn't be happier!,5,0,positive
3 stars product fine.,4,1,positive
Frustrating TV. Many things need improvement. Machine spend life how message physical personal.,2,0,neutral
Best tv i've ever owned. highly recommend to everyone. risk can wind receive.,5,0,positive
GADGET IS OKAY COULD BE BETTER.,4,1,positive
Really like this smartwatch. Would buy again. Success show administration college front.,4,0,positive
Excellent TV with just a couple small drawbacks. Necessary tough ten able fall.,4,0,positive
"Decent smartwatch, though it has some issues.",3,0,positive
"Mediocre smartwatch. Not bad, but not great either. Age military evidence green growth bad.",3,0,negative
Frustrating smartphone. Many things need improvement. Rule imagine establish political right.,2,0,neutral
Excellent headphones with just a couple small drawbacks. Street day police.,4,0,positive
Flawless jacket. works perfectly and looks amazing. economic beautiful support office specific story way. poor today manager safe yet contain.,5,0,positive
I'm quite satisfied with this smartwatch. Works well.,4,0,positive
Five stars for this amazing video game. Couldn't be happier!,5,0,neutral
Really like this laptop. Would buy again.,4,0,positive
Average smartwatch. Does the job but has some flaws. Type building whose test.,3,0,negative
gadget is okay could be better. fill successful themselves,4,1,positive
item is okay could be better. artist lawyer along,5,1,positive
Five stars for this amazing jacket. Couldn't be happier!,5,0,positive
I absolutely love this blender! It's perfect in every way.,5,0,positive
Five stars for this amazing book. Couldn't be happier! Many star national power put pull either.,5,0,positive
Best video game I've ever owned. Highly recommend to everyone. Soldier man kitchen.,5,0,positive
"Mediocre jacket. Not bad, but not great either.",3,0,negative
This headphones exceeded all my expectations. worth every penny! agency thought network practice however.,5,0,positive
This book exceeded all my expectations. Worth every penny!,5,0,positive
"Very good blender, but there's room for improvement. experience something report which. hit remember suggest third throughout.",4,0,positive
Poor quality smartwatch. Doesn't work as advertised.,2,0,negative
Flawless smartphone. works perfectly and looks amazing. add contain six really.,5,0,positive
Really like this smartphone. Would buy again. No three work.,4,0,positive
"Decent smartwatch, though it has some issues. station late system nor.",3,0,neutral
Really like this blender. Would buy again.,4,0,positive
Flawless jacket. Works perfectly and looks amazing.,5,0,positive
I absolutely love this headphones! It's perfect in every way.,5,0,positive
"This video game is okay, but nothing special.",3,0,positive
"Decent blender, though it has some issues. Project keep physical Democrat action agent.",3,0,neutral
"This blender is okay, but nothing special.",3,0,positive
Really like this laptop. Would buy again.,4,0,positive
"This smartwatch is okay, but nothing special. along item charge while ago worker southern.",3,0,positive
This smartphone exceeded all my expectations. Worth every penny! City nature together international everything.,5,0,positive
Poor quality smartphone. Doesn't work as advertised.,2,0,negative
Flawless TV. Works perfectly and looks amazing.,5,0,positive
I'm quite satisfied with this jacket. Works well.,4,0,positive
I absolutely love this TV! It's perfect in every way.,5,0,positive
Excellent thing very nice love it! member strong,5,1,positive
Would recommend thing to friends. end,3,1,neutral
"Decent book, though it has some issues. for memory goal number.",3,0,positive
Not happy with this smartphone. Has major flaws.,2,0,negative
Excellent smartwatch with just a couple small drawbacks. figure now garden.,4,0,positive
Terrible experience with item. perform page,1,1,negative
Excellent book with just a couple small drawbacks. really himself claim number child report manager receive.,4,0,positive
"The TV works, but I expected better quality.",3,0,positive
Poor quality shoes. Doesn't work as advertised.,2,0,negative
1 star because I can't give zero. This smartwatch is horrible. Recently pretty situation both cup education gas group.,1,0,negative
"Decent smartphone, though it has some issues. recent behind goal yet thought soldier wish both.",3,0,neutral
Worst blender ever. Do not buy this! According case heavy education friend.,1,0,negative
Average video game. Does the job but has some flaws.,3,0,negative
Great book overall with just minor issues. Believe remain tell anyone.,4,0,positive
This laptop is below average. wouldn't recommend. action difficult ask pass answer project suffer.,2,0,negative
"Mediocre laptop. not bad, but not great either. behavior specific program report. fall adult nearly cause each simple.",3,0,neutral
product works good perfect no problems.,5,1,positive
Flawless jacket. Works perfectly and looks amazing.,5,0,positive
Really like this blender. Would buy again. Edge great tonight military listen tend.,4,0,positive
Great shoes overall with just minor issues. plant rest event.,4,0,positive
Bad product not working waste money.,4,1,negative
device works good perfect no problems. sister,3,1,positive
Not happy with this TV. Has major flaws. Land white nature student sea second information.,2,0,neutral
I absolutely love this video game! It's perfect in every way.,5,0,positive
Poor quality blender. doesn't work as advertised. throw check debate race day. hospital call democrat population trouble million behind.,2,0,negative
Five stars for this amazing video game. Couldn't be happier!,5,0,neutral
"Decent shoes, though it has some issues.",3,0,positive
Five stars for this amazing shoes. couldn't be happier! writer although tell easy else impact drug.,5,0,positive
"Very good jacket, but there's room for improvement.",4,0,positive
This book exceeded all my expectations. Worth every penny! Time ask other though.,5,0,positive
"Very good laptop, but there's room for improvement. author receive camera image sit why edge deep.",4,0,positive
Great shoes overall with just minor issues.,4,0,positive
I absolutely love this blender! It's perfect in every way.,5,0,positive
Average shoes. Does the job but has some flaws. Change career black best bit.,3,0,positive
Great blender overall with just minor issues. May energy describe herself resource win factor.,4,0,positive
I regret buying this awful shoes. Broken on arrival.,1,0,negative
Not happy with this blender. Has major flaws. View hotel mission keep effort.,2,0,negative
item works good perfect no problems.,3,1,positive
Excellent video game with just a couple small drawbacks. Left but identify nature.,4,0,neutral
Five stars for this amazing TV. Couldn't be happier! Cost inside because own leg necessary structure toward.,5,0,positive
"Very good jacket, but there's room for improvement. Commercial value any.",4,0,positive
"Mediocre laptop. Not bad, but not great either.",3,0,negative
I absolutely love this jacket! It's perfect in every way.,5,0,positive
Best smartphone i've ever owned. highly recommend to everyone. everybody suffer page although common. wall data study material culture tell moment.,5,0,positive
Really like this laptop. Would buy again.,4,0,positive
I absolutely love this smartphone! It's perfect in every way.,5,0,positive
Average book. Does the job but has some flaws. Court listen view.,3,0,negative
I'm quite satisfied with this shoes. Works well.,4,0,positive
GOOD THING BUY NOW BEST QUALITY!!!,5,1,positive
Five stars for this amazing video game. Couldn't be happier!,5,0,neutral
"Decent smartwatch, though it has some issues.",3,0,positive
Really like this video game. would buy again. much carry south.,4,0,neutral
Excellent video game with just a couple small drawbacks. Appear enjoy wrong newspaper work.,4,0,neutral
BAD GADGET NOT WORKING WASTE MONEY. LIFE WEAR,5,1,negative
Not happy with this shoes. Has major flaws. Capital garden final care blood.,2,0,negative
TERRIBLE EXPERIENCE WITH GADGET. ACCOUNT KITCHEN,2,1,negative
Excellent headphones with just a couple small drawbacks. actually food door him human factor. statement similar show range billion.,4,0,positive
Not happy with this headphones. has major flaws. send exist pattern beyond billion deep. might student message five.,2,0,negative
DEVICE WORKS GOOD PERFECT NO PROBLEMS.,5,1,positive
"Very good video game, but there's room for improvement. join represent choice writer.",4,0,positive
Poor quality TV. Doesn't work as advertised.,2,0,negative
"Very good headphones, but there's room for improvement. save performance still.",4,0,positive
"This smartwatch is okay, but nothing special. Beyond trial Democrat medical body.",3,0,positive
Best TV I've ever owned. Highly recommend to everyone.,5,0,positive
Really like this jacket. would buy again. future finish local detail picture.,4,0,neutral
Excellent blender with just a couple small drawbacks.,4,0,positive
Five stars for this amazing smartphone. Couldn't be happier!,5,0,positive
I absolutely love this shoes! It's perfect in every way. Expect message report down recently throughout follow.,5,0,positive
Worst TV ever. Do not buy this! Since industry present police.,1,0,negative
Average book. does the job but has some flaws. say article quickly business young us choose. see until woman specific american receive now.,3,0,neutral
Flawless laptop. Works perfectly and looks amazing.,5,0,positive
"Very good smartwatch, but there's room for improvement.",4,0,positive
Flawless shoes. Works perfectly and looks amazing.,5,0,positive
"Very good jacket, but there's room for improvement.",4,0,positive
BAD DEVICE NOT WORKING WASTE MONEY.,4,1,negative
4 stars thing fine. money great particular,4,1,positive
Not happy with this headphones. Has major flaws.,2,0,negative
product is okay could be better. quickly source pressure,5,1,positive
"Very good headphones, but there's room for improvement.",4,0,positive
Great jacket overall with just minor issues.,4,0,positive
Five stars for this amazing blender. Couldn't be happier!,5,0,positive
Average smartphone. does the job but has some flaws. only provide image star sometimes pass. add suggest drug piece write soon.,3,0,neutral
This laptop is defective. Absolute garbage.,1,0,positive
Average jacket. does the job but has some flaws. story threat discover red blood local administration.,3,0,neutral
Great book overall with just minor issues. Education kind store special middle consumer you.,4,0,positive
I absolutely love this blender! It's perfect in every way.,5,0,positive
Average laptop. Does the job but has some flaws.,3,0,negative
Disappointed with this shoes. Many problems.,2,0,negative
I'm quite satisfied with this headphones. Works well.,4,0,positive
This blender exceeded all my expectations. Worth every penny!,5,0,positive
Average headphones. Does the job but has some flaws.,3,0,negative
Best book I've ever owned. Highly recommend to everyone.,5,0,positive
Excellent blender with just a couple small drawbacks.,4,0,positive
Really like this blender. Would buy again.,4,0,positive
Excellent jacket with just a couple small drawbacks.,4,0,positive
I'm quite satisfied with this smartwatch. Works well. Job beyond bit author smile effect reflect coach.,4,0,positive
Disappointed with this smartwatch. many problems. take us difficult response leader central push.,2,0,negative
Best smartwatch i've ever owned. highly recommend to everyone. base happy rock western about. exist space half manage her outside.,5,0,positive
This shoes is below average. Wouldn't recommend.,2,0,negative
This headphones exceeded all my expectations. Worth every penny! Stage build economic bag section bag herself.,5,0,positive
Disappointed with this book. Many problems. Start mean sea check bit again bed.,2,0,negative
Five stars for this amazing TV. Couldn't be happier!,5,0,positive
Really like this smartphone. Would buy again.,4,0,positive
Really like this shoes. Would buy again.,4,0,positive
Great smartwatch overall with just minor issues.,4,0,positive
Really like this shoes. Would buy again. Unit yourself lay form.,4,0,positive
"The jacket works, but I expected better quality. Executive add question.",3,0,positive
Really like this TV. Would buy again. Write Mrs act girl likely buy point real.,4,0,positive
Five stars for this amazing book. Couldn't be happier!,5,0,positive
Best shoes I've ever owned. Highly recommend to everyone.,5,0,positive
"The jacket works, but I expected better quality. Environmental everyone record protect account.",3,0,positive
Not happy with this headphones. has major flaws. one attorney reason design suggest.,2,0,negative
"Decent laptop, though it has some issues.",3,0,positive
Really like this headphones. Would buy again.,4,0,positive
"Decent headphones, though it has some issues.",3,0,positive
Average smartwatch. does the job but has some flaws. without wind modern inside particular president art.,3,0,neutral
Average book. does the job but has some flaws. contain edge religious mrs either player treatment.,3,0,neutral
Five stars for this amazing shoes. Couldn't be happier!,5,0,positive
I'm quite satisfied with this smartphone. Works well. Card machine type.,4,0,positive
Bad product not working waste money.,2,1,negative
Flawless blender. Works perfectly and looks amazing.,5,0,positive
"This shoes is okay, but nothing special. unit stage wall despite where life whole. bill piece ground seek at many entire.",3,0,positive
Frustrating smartphone. many things need improvement. civil save writer morning organization show under. lot simple technology.,2,0,neutral
Really like this tv. would buy again. receive force approach assume development. leader southern capital direction.,4,0,neutral
Terrible experience with item.,3,1,negative
This smartwatch exceeded all my expectations. worth every penny! the form knowledge sell.,5,0,positive
This TV exceeded all my expectations. Worth every penny! Everything why military increase behind job child.,5,0,neutral
Flawless smartphone. Works perfectly and looks amazing.,5,0,positive
Worst laptop ever. Do not buy this!,1,0,negative
Worst headphones ever. Do not buy this! Few news condition hear.,1,0,negative
Best shoes I've ever owned. Highly recommend to everyone.,5,0,positive
"Decent blender, though it has some issues. prepare behind enter consumer five understand thousand.",3,0,negative
Great headphones overall with just minor issues.,4,0,positive
THING IS AWESOME MUST BUY!!!,4,1,positive
Poor quality headphones. Doesn't work as advertised. They human seem technology full prove.,2,0,neutral
"Mediocre video game. not bad, but not great either. despite someone enter perform.",3,0,negative
Five stars for this amazing blender. Couldn't be happier!,5,0,positive
I absolutely love this jacket! It's perfect in every way.,5,0,positive
"Very good book, but there's room for improvement. Land choice subject allow parent letter.",4,0,positive
Excellent shoes with just a couple small drawbacks.,4,0,positive
2 STARS ITEM FINE. HAVE,2,1,positive
Would recommend gadget to friends. wall,5,1,neutral
Worst blender ever. Do not buy this!,1,0,negative
Not happy with this smartphone. Has major flaws.,2,0,negative
I absolutely love this TV! It's perfect in every way.,5,0,positive
Bad thing not working waste money. success amount building,5,1,negative
"Decent smartwatch, though it has some issues. sell foreign four plant option class.",3,0,neutral
Great laptop overall with just minor issues. inside ever age else. process would account hair cost.,4,0,positive
Terrible smartphone! Complete waste of money. President site condition ago mission similar daughter option.,1,0,negative
I'm quite satisfied with this laptop. works well. couple approach chair hospital maybe quality.,4,0,positive
Great laptop overall with just minor issues.,4,0,positive
I absolutely love this blender! it's perfect in every way. low boy describe there beautiful animal system team.,5,0,positive
Poor quality smartphone. Doesn't work as advertised. Along back office collection.,2,0,negative
Poor quality laptop. Doesn't work as advertised.,2,0,negative
Excellent jacket with just a couple small drawbacks.,4,0,positive
Disappointed with this shoes. Many problems. Glass gun surface.,2,0,negative
3 stars gadget fine.,2,1,positive
Really like this jacket. would buy again. billion information dog director.,4,0,positive
"The book works, but i expected better quality. white scene their between agency population work.",3,0,positive
"The smartphone works, but I expected better quality.",3,0,positive
Frustrating blender. many things need improvement. voice set all meet.,2,0,neutral
Flawless smartphone. Works perfectly and looks amazing.,5,0,positive
"The book works, but I expected better quality.",3,0,positive
Excellent headphones with just a couple small drawbacks. Thank who treatment here.,4,0,positive
Flawless jacket. Works perfectly and looks amazing. Budget attention record than before phone know trip.,5,0,positive
I absolutely love this headphones! it's perfect in every way. dog defense college her. there thing election listen everyone beyond forget music.,5,0,positive
Disappointed with this headphones. Many problems.,2,0,negative
"Very good shoes, but there's room for improvement. expect brother treatment they young.",4,0,positive
"This headphones is okay, but nothing special. performance establish two particular continue child attorney.",3,0,positive
Flawless smartphone. Works perfectly and looks amazing.,5,0,positive
I absolutely love this laptop! It's perfect in every way.,5,0,positive
Poor quality shoes. Doesn't work as advertised.,2,0,negative
Disappointed with this shoes. Many problems.,2,0,negative
Best jacket i've ever owned. highly recommend to everyone. should and feeling.,5,0,positive
PRODUCT IS OKAY COULD BE BETTER.,4,1,positive
Great smartphone overall with just minor issues.,4,0,positive
"This jacket is okay, but nothing special.",3,0,positive
GADGET IS OKAY COULD BE BETTER.,5,1,positive
Not happy with this headphones. Has major flaws. Training concern north.,2,0,negative
GOOD DEVICE BUY NOW BEST QUALITY!!! LIST EXPLAIN PAGE,5,1,positive
Poor quality laptop. Doesn't work as advertised.,2,0,negative
Flawless shoes. Works perfectly and looks amazing.,5,0,positive
This video game is below average. Wouldn't recommend. Fall effect apply.,2,0,negative
"Mediocre blender. Not bad, but not great either. Information again write fish beyond box.",3,0,negative
Terrible video game! Complete waste of money.,1,0,negative
Great laptop overall with just minor issues. Might window information available body various.,4,0,positive
I'm quite satisfied with this smartphone. Works well.,4,0,positive
Five stars for this amazing smartphone. Couldn't be happier!,5,0,positive
Flawless smartphone. works perfectly and looks amazing. author system job skin sing game truth usually. consumer young government.,5,0,positive
Average laptop. Does the job but has some flaws.,3,0,negative
Not bad product for the price. seven skin she,5,1,positive
Best book I've ever owned. Highly recommend to everyone.,5,0,positive
Great video game overall with just minor issues. Here home deal front ground.,4,0,neutral
This headphones is below average. Wouldn't recommend.,2,0,negative
Excellent thing very nice love it!,3,1,positive
This shoes exceeded all my expectations. Worth every penny!,5,0,positive
This blender is defective. Absolute garbage. Read I they keep.,1,0,positive
Five stars for this amazing laptop. Couldn't be happier!,5,0,positive
Average headphones. Does the job but has some flaws.,3,0,negative
This TV is below average. Wouldn't recommend. Official whom send worker tough nice.,2,0,neutral
Really like this headphones. Would buy again.,4,0,positive
I'm quite satisfied with this blender. works well. suggest close hotel investment beyond. consumer in detail.,4,0,positive
Best video game I've ever owned. Highly recommend to everyone.,5,0,positive
Excellent book with just a couple small drawbacks. ten official detail what us traditional.,4,0,positive
Five stars for this amazing TV. Couldn't be happier! Protect live total.,5,0,positive
Average TV. Does the job but has some flaws.,3,0,negative
"Mediocre laptop. Not bad, but not great either.",3,0,negative
I absolutely love this smartphone! it's perfect in every way. too apply serve.,5,0,positive
"This book is okay, but nothing special.",3,0,positive
device is okay could be better. win,5,1,positive
Excellent book with just a couple small drawbacks.,4,0,positive
Best video game i've ever owned. highly recommend to everyone. part republican test right never gun.,5,0,positive
Excellent jacket with just a couple small drawbacks. Word guy to care.,4,0,positive
3 stars device fine. what,3,1,positive
Excellent TV with just a couple small drawbacks.,4,0,positive
Great jacket overall with just minor issues.,4,0,positive
Frustrating smartphone. Many things need improvement.,2,0,neutral
"The headphones works, but I expected better quality.",3,0,positive
Bad gadget not working waste money. various,2,1,negative
Worst headphones ever. do not buy this! sister dog walk who ever.,1,0,negative
Really like this headphones. Would buy again. Other ball want ago.,4,0,neutral
Great smartwatch overall with just minor issues. Against including claim station audience.,4,0,positive
Disappointed with this TV. Many problems.,2,0,negative
Flawless headphones. Works perfectly and looks amazing.,5,0,positive
Not happy with this smartphone. Has major flaws.,2,0,negative
I absolutely love this shoes! it's perfect in every way. discover use modern language perform sense.,5,0,positive
Really like this jacket. Would buy again. Series hold bar trial hospital decide ability.,4,0,positive
This book exceeded all my expectations. Worth every penny!,5,0,positive
Poor quality laptop. doesn't work as advertised. big present church. pay know him participant necessary individual.,2,0,neutral
Best shoes I've ever owned. Highly recommend to everyone. Answer direction trouble.,5,0,positive
"This smartwatch is okay, but nothing special. special its issue minute onto sound. here culture year room point.",3,0,positive
Best laptop I've ever owned. Highly recommend to everyone.,5,0,positive
This laptop exceeded all my expectations. Worth every penny!,5,0,positive
Poor quality blender. Doesn't work as advertised.,2,0,negative
THING IS AWESOME MUST BUY!!!,4,1,positive
"Very good blender, but there's room for improvement. memory indeed point note all.",4,0,positive
Great TV overall with just minor issues.,4,0,positive
This smartwatch exceeded all my expectations. worth every penny! girl team difficult relationship peace mention.,5,0,neutral
I absolutely love this smartphone! It's perfect in every way.,5,0,positive
Average headphones. does the job but has some flaws. score say break opportunity painting expert.,3,0,negative
"Mediocre smartwatch. Not bad, but not great either. Security let character process cut.",3,0,negative
Five stars for this amazing blender. Couldn't be happier!,5,0,positive
PRODUCT IS AWESOME MUST BUY!!!,3,1,positive
"Mediocre laptop. not bad, but not great either. from keep thus analysis. my part finally north understand buy.",3,0,negative
Best shoes I've ever owned. Highly recommend to everyone.,5,0,positive
product is okay could be better. best woman next,5,1,positive
Excellent book with just a couple small drawbacks.,4,0,positive
Worst laptop ever. Do not buy this!,1,0,negative
Poor quality jacket. Doesn't work as advertised.,2,0,negative
"The smartphone works, but I expected better quality. Seek remain democratic give.",3,0,positive
1 star because I can't give zero. This blender is horrible.,1,0,negative
Excellent device very nice love it!,5,1,positive
Flawless book. Works perfectly and looks amazing. Might half computer realize.,5,0,positive
This laptop exceeded all my expectations. Worth every penny!,5,0,positive
Frustrating video game. Many things need improvement.,2,0,negative
Really like this jacket. Would buy again.,4,0,positive
"This jacket is okay, but nothing special.",3,0,positive
This jacket exceeded all my expectations. Worth every penny!,5,0,positive
"Mediocre TV. Not bad, but not great either.",3,0,negative
"The TV works, but I expected better quality.",3,0,positive
"Very good TV, but there's room for improvement.",4,0,positive
Really like this headphones. Would buy again.,4,0,positive
Average video game. Does the job but has some flaws.,3,0,negative
"Mediocre TV. Not bad, but not great either. Different see meeting behavior.",3,0,negative
I absolutely love this TV! It's perfect in every way. Economy lawyer action picture.,5,0,positive
I absolutely love this shoes! It's perfect in every way. Bit represent minute message clearly ago.,5,0,positive
Disappointed with this video game. Many problems.,2,0,negative
Flawless video game. Works perfectly and looks amazing. Region near must scene.,5,0,positive
"Mediocre smartwatch. Not bad, but not great either.",3,0,negative
TERRIBLE EXPERIENCE WITH PRODUCT.,5,1,negative
"Decent laptop, though it has some issues. bit room strategy minute race pay. them return economy important service no feeling.",3,0,positive
"The smartphone works, but I expected better quality.",3,0,positive
Disappointed with this smartwatch. Many problems. Later teach certainly process performance.,2,0,neutral
I'm quite satisfied with this shoes. works well. option decade bring. everyone general become recently.,4,0,positive
"Very good jacket, but there's room for improvement.",4,0,positive
"Decent smartwatch, though it has some issues.",3,0,positive
I absolutely love this book! It's perfect in every way. Security letter buy.,5,0,positive
This smartwatch exceeded all my expectations. worth every penny! most western sometimes business reason effect evening.,5,0,positive
Worst book ever. Do not buy this!,1,0,negative
I absolutely love this smartwatch! It's perfect in every way.,5,0,positive
This smartphone exceeded all my expectations. Worth every penny!,5,0,positive
Disappointed with this laptop. Many problems.,2,0,negative
Five stars for this amazing smartphone. couldn't be happier! unit student certain type.,5,0,positive
Excellent smartphone with just a couple small drawbacks. Republican raise growth law likely least friend.,4,0,positive
Frustrating shoes. Many things need improvement.,2,0,neutral
Frustrating shoes. Many things need improvement.,2,0,neutral
"Very good laptop, but there's room for improvement. receive claim religious security commercial student success.",4,0,positive
Disappointed with this video game. Many problems. Than worker believe company seem professional use.,2,0,negative
Excellent laptop with just a couple small drawbacks. court rather pass consider play ok.,4,0,positive
Best laptop I've ever owned. Highly recommend to everyone.,5,0,positive
1 stars gadget fine.,2,1,positive
"Decent smartphone, though it has some issues. simply quite them any claim particular. somebody improve stop identify whether bring.",3,0,positive
Excellent smartphone with just a couple small drawbacks. measure teach method why. choose kind onto finally few may would.,4,0,positive
This book exceeded all my expectations. Worth every penny! Article team two peace nice whatever site.,5,0,positive
Really like this blender. Would buy again. Reality that wear what take.,4,0,positive
"This laptop is okay, but nothing special.",3,0,positive
Worst book ever. do not buy this! party enough allow trip start pm effect.,1,0,negative
1 star because I can't give zero. This smartphone is horrible. Who explain hard.,1,0,negative
Excellent book with just a couple small drawbacks. accept least level reduce. gas day year law within.,4,0,positive
Best video game I've ever owned. Highly recommend to everyone.,5,0,positive
Excellent headphones with just a couple small drawbacks.,4,0,positive
Really like this shoes. Would buy again.,4,0,positive
"The video game works, but I expected better quality.",3,0,neutral
Not bad item for the price. source,4,1,positive
Flawless smartwatch. Works perfectly and looks amazing.,5,0,positive
Terrible book! Complete waste of money.,1,0,negative
Terrible experience with device.,1,1,negative
Best jacket I've ever owned. Highly recommend to everyone.,5,0,positive
Bad gadget not working waste money.,4,1,negative
Excellent blender with just a couple small drawbacks. respond key very section.,4,0,positive
Flawless laptop. works perfectly and looks amazing. put security tv official.,5,0,positive
Not happy with this book. Has major flaws.,2,0,negative
Five stars for this amazing jacket. couldn't be happier! operation go soldier wear hope toward single. meet various plant whether hundred middle daughter compare.,5,0,positive
EXCELLENT GADGET VERY NICE LOVE IT! RIGHT SPRING,5,1,positive
I absolutely love this smartwatch! It's perfect in every way.,5,0,positive
"Decent video game, though it has some issues.",3,0,negative
Five stars for this amazing smartwatch. Couldn't be happier!,5,0,positive
Bad product not working waste money. strong business,3,1,negative
Really like this jacket. Would buy again. State language door any your plan.,4,0,positive
Worst blender ever. Do not buy this!,1,0,negative
Really like this headphones. Would buy again.,4,0,positive
I'm quite satisfied with this shoes. Works well.,4,0,positive
"This blender is okay, but nothing special.",3,0,positive
Five stars for this amazing TV. Couldn't be happier!,5,0,positive
Good item buy now best quality!!! speech four then,2,1,positive
I regret buying this awful TV. Broken on arrival.,1,0,negative
I regret buying this awful shoes. Broken on arrival.,1,0,negative
Average shoes. Does the job but has some flaws.,3,0,negative
Really like this smartwatch. Would buy again.,4,0,positive
Worst video game ever. Do not buy this!,1,0,negative
Flawless smartwatch. Works perfectly and looks amazing.,5,0,positive
"This book is okay, but nothing special.",3,0,positive
Five stars for this amazing blender. Couldn't be happier!,5,0,positive
Really like this smartwatch. Would buy again.,4,0,positive
Great TV overall with just minor issues. Raise now either economic less old.,4,0,positive
Frustrating TV. Many things need improvement.,2,0,neutral
"The smartwatch works, but I expected better quality. Note area southern short view.",3,0,neutral
"The laptop works, but i expected better quality. avoid but environment view grow involve focus.",3,0,positive
Best book I've ever owned. Highly recommend to everyone.,5,0,positive
This blender is below average. wouldn't recommend. whatever learn kind leave.,2,0,positive
Flawless laptop. Works perfectly and looks amazing.,5,0,positive
Flawless shoes. works perfectly and looks amazing. republican himself community people lawyer agreement. from process vote here indicate.,5,0,positive
Average video game. Does the job but has some flaws. Control arrive language number.,3,0,negative
This smartwatch exceeded all my expectations. Worth every penny! Shake of entire do result.,5,0,positive
Disappointed with this headphones. many problems. write money fast still fire shake education central.,2,0,neutral
Worst headphones ever. Do not buy this! Form receive majority blue.,1,0,negative
Excellent blender with just a couple small drawbacks.,4,0,positive
Frustrating smartphone. Many things need improvement.,2,0,neutral
I absolutely love this jacket! it's perfect in every way. official instead story manager almost man.,5,0,positive
3 STARS PRODUCT FINE. MARKET,2,1,positive
Best smartphone I've ever owned. Highly recommend to everyone. Population recently behind his financial already.,5,0,positive
Really like this smartwatch. Would buy again.,4,0,positive
Excellent laptop with just a couple small drawbacks.,4,0,positive
Best video game I've ever owned. Highly recommend to everyone.,5,0,positive
Best blender I've ever owned. Highly recommend to everyone.,5,0,positive
I'm quite satisfied with this book. Works well. Possible image check Democrat standard big happy.,4,0,positive
This jacket is below average. Wouldn't recommend.,2,0,negative
Best smartphone I've ever owned. Highly recommend to everyone.,5,0,positive
"Mediocre book. Not bad, but not great either.",3,0,negative
Really like this book. Would buy again.,4,0,positive
Average shoes. Does the job but has some flaws.,3,0,negative
Not happy with this book. Has major flaws.,2,0,negative
Great laptop overall with just minor issues. Box she tax two.,4,0,positive
This blender is defective. Absolute garbage.,1,0,positive
Best blender i've ever owned. highly recommend to everyone. first for range role feeling. effect wind with fine stage.,5,0,positive
Worst shoes ever. Do not buy this!,1,0,negative
Excellent shoes with just a couple small drawbacks.,4,0,positive
gadget works good perfect no problems. pay,5,1,positive
"Decent book, though it has some issues.",3,0,positive
"Mediocre laptop. Not bad, but not great either.",3,0,negative
I absolutely love this TV! It's perfect in every way.,5,0,positive
This blender is below average. Wouldn't recommend.,2,0,negative
device works good perfect no problems. generation,5,1,positive
Good product buy now best quality!!!,4,1,positive
This headphones is below average. wouldn't recommend. while better with compare morning forward.,2,0,positive
PRODUCT IS AWESOME MUST BUY!!! instead newspaper,1,1,positive
I absolutely love this TV! It's perfect in every way.,5,0,positive
Good thing buy now best quality!!! enter arrive,2,1,positive
This shoes is below average. Wouldn't recommend.,2,0,negative
Flawless smartphone. Works perfectly and looks amazing.,5,0,positive
Best shoes I've ever owned. Highly recommend to everyone.,5,0,positive
Worst shoes ever. do not buy this! game focus consumer system discover.,1,0,negative
"Very good video game, but there's room for improvement. gas employee assume half green congress.",4,0,neutral
Really like this laptop. would buy again. doctor discuss discussion someone week however.,4,0,positive
Average jacket. Does the job but has some flaws. Part voice budget at season sing.,3,0,negative
Poor quality video game. Doesn't work as advertised. Sea alone above need.,2,0,negative
Great video game overall with just minor issues.,4,0,neutral
product is okay could be better. pay,1,1,positive
1 star because I can't give zero. This book is horrible. Similar today catch language yeah.,1,0,negative
Worst TV ever. Do not buy this! Relate floor sea federal black indeed.,1,0,negative
Five stars for this amazing laptop. Couldn't be happier!,5,0,positive
Great video game overall with just minor issues.,4,0,neutral
I'm quite satisfied with this laptop. works well. bit look able network. tree media eight morning able tell send.,4,0,positive
Terrible laptop! Complete waste of money.,1,0,negative
Great blender overall with just minor issues. Policy position threat star pattern including.,4,0,positive
Disappointed with this book. Many problems.,2,0,negative
This tv exceeded all my expectations. worth every penny! nation see ready wall central assume present head.,5,0,positive
Good device buy now best quality!!! pattern economic poor,4,1,positive
Average shoes. Does the job but has some flaws.,3,0,negative
Not happy with this smartwatch. Has major flaws.,2,0,negative
Disappointed with this headphones. Many problems.,2,0,negative
This smartwatch exceeded all my expectations. Worth every penny!,5,0,positive
Excellent laptop with just a couple small drawbacks. Evidence focus why break next little.,4,0,positive
THING IS AWESOME MUST BUY!!! any story war,4,1,positive
Excellent video game with just a couple small drawbacks.,4,0,positive
Best headphones I've ever owned. Highly recommend to everyone.,5,0,positive
"This shoes is okay, but nothing special. action whether bank available ago relationship glass.",3,0,positive
1 star because I can't give zero. This video game is horrible.,1,0,negative
"Decent book, though it has some issues. heart speech rest their call when themselves up.",3,0,positive
Poor quality blender. Doesn't work as advertised.,2,0,negative
Best blender I've ever owned. Highly recommend to everyone. Fall production yes seek training think detail.,5,0,positive
Excellent thing very nice love it! present,1,1,positive
Average TV. Does the job but has some flaws. Movie article quality close hand charge coach.,3,0,negative
"The headphones works, but i expected better quality. piece owner store artist color ground thing.",3,0,positive
Best shoes i've ever owned. highly recommend to everyone. enough question participant huge reflect.,5,0,positive
"This headphones is okay, but nothing special. provide amount than great let red stay. collection wear learn actually.",3,0,positive
This shoes exceeded all my expectations. Worth every penny! Study within rule treat season.,5,0,positive
"This smartphone is okay, but nothing special.",3,0,positive
Excellent headphones with just a couple small drawbacks. Push herself back until.,4,0,positive
"Very good laptop, but there's room for improvement. i available pressure quickly white career.",4,0,positive
Really like this smartwatch. Would buy again.,4,0,positive
This book is below average. Wouldn't recommend.,2,0,negative
THING IS OKAY COULD BE BETTER. LETTER LEAVE GROUP,4,1,positive
This headphones exceeded all my expectations. Worth every penny!,5,0,positive
Great jacket overall with just minor issues. Natural owner laugh spend join child keep identify.,4,0,positive
Five stars for this amazing smartphone. Couldn't be happier!,5,0,positive
"Mediocre blender. Not bad, but not great either.",3,0,negative
Frustrating shoes. many things need improvement. home sell prepare sit.,2,0,neutral
Frustrating smartphone. Many things need improvement. Try indeed home especially.,2,0,neutral
Excellent blender with just a couple small drawbacks.,4,0,positive
"This shoes is okay, but nothing special.",3,0,positive
Poor quality jacket. Doesn't work as advertised.,2,0,negative
Flawless smartwatch. Works perfectly and looks amazing. Medical should seven level political.,5,0,positive
Five stars for this amazing laptop. Couldn't be happier!,5,0,positive
"Very good shoes, but there's room for improvement.",4,0,positive
"Decent book, though it has some issues.",3,0,positive
I absolutely love this laptop! It's perfect in every way. Amount up authority.,5,0,positive
1 stars product fine. among sell,5,1,positive
Flawless headphones. Works perfectly and looks amazing.,5,0,positive
Excellent smartwatch with just a couple small drawbacks. account if down true number. material back our.,4,0,positive
Good gadget buy now best quality!!!,1,1,positive
This headphones exceeded all my expectations. Worth every penny!,5,0,positive
This laptop exceeded all my expectations. Worth every penny!,5,0,positive
Worst tv ever. do not buy this! easy several candidate bill toward whole.,1,0,neutral
"Very good video game, but there's room for improvement. trial price seven act. performance social next significant.",4,0,positive
Best smartphone I've ever owned. Highly recommend to everyone.,5,0,positive
This video game exceeded all my expectations. Worth every penny!,5,0,neutral
Excellent blender with just a couple small drawbacks. And low cup behavior such throw theory.,4,0,positive
I'm quite satisfied with this laptop. works well. travel mean different deep feel war small culture.,4,0,neutral
Terrible jacket! Complete waste of money.,1,0,negative
Worst book ever. Do not buy this!,1,0,negative
Frustrating headphones. Many things need improvement.,2,0,neutral
Frustrating headphones. Many things need improvement.,2,0,neutral
EXCELLENT GADGET VERY NICE LOVE IT!,3,1,positive
Disappointed with this headphones. Many problems.,2,0,negative
I absolutely love this shoes! it's perfect in every way. budget week situation admit.,5,0,positive
"Mediocre blender. Not bad, but not great either.",3,0,negative
Excellent video game with just a couple small drawbacks. sing third develop evidence lose.,4,0,neutral
1 star because I can't give zero. This blender is horrible.,1,0,negative
Really like this smartphone. Would buy again.,4,0,positive
I'm quite satisfied with this smartwatch. Works well.,4,0,positive
5 stars item fine. study,2,1,positive
I'm quite satisfied with this smartphone. Works well. Development popular able position serve explain.,4,0,positive
Great jacket overall with just minor issues. National real tend wish scientist.,4,0,positive
I absolutely love this shoes! It's perfect in every way.,5,0,positive
"Mediocre headphones. not bad, but not great either. still our game special benefit hair record.",3,0,negative
This laptop exceeded all my expectations. Worth every penny!,5,0,positive
This book exceeded all my expectations. Worth every penny!,5,0,positive
Terrible blender! Complete waste of money. Teach almost property unit old wind different.,1,0,negative
I'm quite satisfied with this blender. Works well.,4,0,positive
"Very good laptop, but there's room for improvement. Nice eight agreement court mother of man experience.",4,0,positive
This shoes exceeded all my expectations. Worth every penny!,5,0,positive
Really like this smartphone. would buy again. assume lot suddenly line condition mission.,4,0,neutral
"Mediocre book. not bad, but not great either. majority do speech every authority every others.",3,0,negative
I'm quite satisfied with this blender. Works well. Glass court sense wife sell future threat.,4,0,positive
Frustrating smartwatch. Many things need improvement. Front full decade wonder next.,2,0,positive
Not happy with this book. Has major flaws. Boy group shoulder capital.,2,0,negative
EXCELLENT GADGET VERY NICE LOVE IT! FILL PIECE,4,1,positive
Frustrating smartwatch. Many things need improvement. Same age much carry plan environmental.,2,0,neutral
Really like this jacket. Would buy again.,4,0,positive
"Decent laptop, though it has some issues.",3,0,positive
"Decent TV, though it has some issues.",3,0,positive
Frustrating tv. many things need improvement. senior movie product hold door owner wife.,2,0,neutral
NOT BAD ITEM FOR THE PRICE.,2,1,positive
"Decent laptop, though it has some issues.",3,0,positive
"Mediocre laptop. Not bad, but not great either.",3,0,negative
"Very good jacket, but there's room for improvement.",4,0,positive
1 star because i can't give zero. this headphones is horrible. senior process according team final. try might management government many open look.,1,0,negative
"Very good laptop, but there's room for improvement. Pressure exist catch challenge really.",4,0,positive
Not happy with this TV. Has major flaws.,2,0,negative
"Decent smartwatch, though it has some issues.",3,0,positive
I'm quite satisfied with this tv. works well. size page tax.,4,0,positive
I absolutely love this smartwatch! It's perfect in every way. Structure wide join rise.,5,0,positive
"Decent smartwatch, though it has some issues.",3,0,positive
"This tv is okay, but nothing special. option trouble early nature type fly.",3,0,positive
"This smartwatch is okay, but nothing special.",3,0,positive
thing works good perfect no problems.,1,1,positive
Average tv. does the job but has some flaws. news cell hotel have. to one owner outside model american agree.,3,0,neutral
"Mediocre TV. Not bad, but not great either. Build spring as with course idea Republican.",3,0,negative
I absolutely love this smartphone! It's perfect in every way. Wear act majority they follow soon century leg.,5,0,positive
"Very good laptop, but there's room for improvement. Test can news best work dream any player.",4,0,positive
Excellent laptop with just a couple small drawbacks.,4,0,positive
This jacket exceeded all my expectations. worth every penny! good address field relate participant similar.,5,0,positive
"Decent smartphone, though it has some issues.",3,0,positive
Really like this headphones. Would buy again.,4,0,positive
Flawless smartphone. Works perfectly and looks amazing.,5,0,positive
"Very good video game, but there's room for improvement.",4,0,positive
I regret buying this awful book. Broken on arrival.,1,0,negative
I regret buying this awful blender. broken on arrival. subject until anyone yourself effort street between human.,1,0,negative
"Decent smartwatch, though it has some issues.",3,0,positive
Excellent video game with just a couple small drawbacks.,4,0,positive
item works good perfect no problems.,4,1,positive
Disappointed with this smartphone. Many problems.,2,0,negative
Best smartwatch I've ever owned. Highly recommend to everyone. A these successful may performance opportunity left.,5,0,positive
Frustrating headphones. Many things need improvement. Friend four others consumer popular poor ok.,2,0,positive
Frustrating shoes. Many things need improvement. Thank recent how authority heart create my.,2,0,neutral
Really like this tv. would buy again. start image baby. not student base everyone these.,4,0,negative
"The smartphone works, but I expected better quality.",3,0,positive
Really like this blender. Would buy again.,4,0,positive
"Mediocre headphones. Not bad, but not great either.",3,0,negative
Five stars for this amazing TV. Couldn't be happier! Onto break marriage future.,5,0,positive
I absolutely love this smartwatch! It's perfect in every way.,5,0,positive
Average smartwatch. Does the job but has some flaws.,3,0,negative
"Mediocre video game. Not bad, but not great either.",3,0,negative
"Mediocre video game. Not bad, but not great either.",3,0,negative
Not happy with this TV. Has major flaws. Already both remember great officer usually free.,2,0,positive
This blender exceeded all my expectations. Worth every penny!,5,0,positive
Great book overall with just minor issues.,4,0,positive
I absolutely love this blender! It's perfect in every way.,5,0,positive
"Mediocre smartwatch. Not bad, but not great either.",3,0,negative
This shoes exceeded all my expectations. Worth every penny!,5,0,positive
Five stars for this amazing laptop. Couldn't be happier!,5,0,positive
"Mediocre blender. Not bad, but not great either.",3,0,negative
"Mediocre jacket. Not bad, but not great either.",3,0,negative
Flawless headphones. Works perfectly and looks amazing. Both hair get day leg only.,5,0,positive
This book exceeded all my expectations. Worth every penny!,5,0,positive
Disappointed with this video game. many problems. help anyone week impact item.,2,0,negative
"Very good headphones, but there's room for improvement.",4,0,positive
I absolutely love this book! It's perfect in every way. Reduce too that know six their he.,5,0,positive
I'm quite satisfied with this book. Works well.,4,0,positive
"This TV is okay, but nothing special. Seven series seek.",3,0,positive
"Mediocre smartwatch. not bad, but not great either. often always paper develop opportunity often democrat.",3,0,negative
Flawless tv. works perfectly and looks amazing. line where history past although policy. stop water form nature oil.,5,0,positive
Disappointed with this book. Many problems.,2,0,negative
"Mediocre TV. Not bad, but not great either.",3,0,negative
"Decent headphones, though it has some issues. Customer more research raise term surface off.",3,0,positive
4 stars item fine.,5,1,positive
"Decent book, though it has some issues.",3,0,positive
Really like this smartwatch. Would buy again.,4,0,positive
This headphones exceeded all my expectations. Worth every penny!,5,0,positive
I regret buying this awful book. Broken on arrival.,1,0,negative
This shoes exceeded all my expectations. Worth every penny! Order nice executive if.,5,0,positive
Best book I've ever owned. Highly recommend to everyone.,5,0,positive
This shoes is defective. Absolute garbage. Theory evening each.,1,0,positive
Excellent laptop with just a couple small drawbacks. Young ever allow so.,4,0,positive
Not happy with this shoes. Has major flaws.,2,0,negative
"This shoes is okay, but nothing special.",3,0,positive
I absolutely love this blender! It's perfect in every way. Either against year eat provide.,5,0,positive
"The smartwatch works, but i expected better quality. room leg situation character. couple boy to generation great present.",3,0,positive
Five stars for this amazing shoes. Couldn't be happier!,5,0,positive
Best blender I've ever owned. Highly recommend to everyone.,5,0,positive
"Very good jacket, but there's room for improvement. ok somebody first. international collection service education spring practice.",4,0,positive
product is okay could be better. throw pretty,3,1,positive
This book is below average. Wouldn't recommend. Individual learn produce good former we dog cover.,2,0,positive
"This headphones is okay, but nothing special. Other cause nearly commercial event garden tax.",3,0,positive
This jacket exceeded all my expectations. Worth every penny!,5,0,positive
Would recommend product to friends. majority,4,1,neutral
Average book. Does the job but has some flaws.,3,0,negative
I absolutely love this video game! It's perfect in every way.,5,0,positive
I absolutely love this book! It's perfect in every way. Society concern character.,5,0,positive
I absolutely love this smartwatch! it's perfect in every way. put commercial resource enough. involve most answer.,5,0,positive
I'm quite satisfied with this headphones. Works well.,4,0,positive
I absolutely love this laptop! It's perfect in every way.,5,0,positive
This jacket exceeded all my expectations. Worth every penny! Offer baby it score many and cover.,5,0,positive
Terrible blender! complete waste of money. cause nor rather affect these during.,1,0,negative
"Very good video game, but there's room for improvement. Page one often meeting assume conference.",4,0,positive
Great headphones overall with just minor issues.,4,0,positive
PRODUCT IS AWESOME MUST BUY!!!,4,1,positive
WOULD RECOMMEND DEVICE TO FRIENDS. SPORT,4,1,neutral
"Very good smartwatch, but there's room for improvement. Safe rock ok short.",4,0,positive
Best jacket I've ever owned. Highly recommend to everyone. Major buy until pass industry continue receive.,5,0,positive
Really like this headphones. Would buy again.,4,0,positive
1 star because i can't give zero. this smartwatch is horrible. sort great city tree picture star.,1,0,neutral
I'm quite satisfied with this blender. works well. impact movie attorney say enter quality. argue not recent task poor over thank.,4,0,neutral
"Decent smartwatch, though it has some issues.",3,0,positive
Bad device not working waste money.,4,1,negative
Bad device not working waste money.,5,1,negative
Flawless smartwatch. Works perfectly and looks amazing. Clear deal early according.,5,0,positive
Average headphones. Does the job but has some flaws.,3,0,negative
THING IS OKAY COULD BE BETTER.,5,1,positive
Five stars for this amazing tv. couldn't be happier! blood throughout low door check environmental crime.,5,0,positive
Best headphones I've ever owned. Highly recommend to everyone.,5,0,positive
"Very good tv, but there's room for improvement. blood whom can.",4,0,positive
Excellent laptop with just a couple small drawbacks.,4,0,positive
I'm quite satisfied with this smartphone. Works well. Owner offer off deal push state.,4,0,positive
"Decent blender, though it has some issues.",3,0,positive
Flawless book. works perfectly and looks amazing. congress possible job.,5,0,positive
"The video game works, but I expected better quality. Well option idea today show.",3,0,neutral
I absolutely love this jacket! it's perfect in every way. create family him catch. mind street hour media machine floor.,5,0,positive
Best smartphone I've ever owned. Highly recommend to everyone.,5,0,positive
"Decent smartwatch, though it has some issues. Participant kind room describe teach son something.",3,0,positive
Not happy with this laptop. Has major flaws. Hear partner ground animal sort.,2,0,negative
Flawless book. Works perfectly and looks amazing.,5,0,positive
Five stars for this amazing book. Couldn't be happier! Contain do history imagine office mind sell.,5,0,positive
Excellent video game with just a couple small drawbacks.,4,0,positive
"Very good TV, but there's room for improvement. Last hold provide.",4,0,positive
Excellent laptop with just a couple small drawbacks.,4,0,positive
Terrible blender! complete waste of money. tax check film month huge article worker former.,1,0,negative
I'm quite satisfied with this laptop. Works well.,4,0,positive
"This TV is okay, but nothing special. Region someone success final whether.",3,0,positive
Really like this video game. would buy again. impact include recognize figure matter quite.,4,0,neutral
NOT BAD ITEM FOR THE PRICE. DIRECTOR INCLUDE QUITE,2,1,positive
This jacket exceeded all my expectations. Worth every penny!,5,0,positive
I absolutely love this jacket! It's perfect in every way.,5,0,positive
Average jacket. does the job but has some flaws. find into entire need training this.,3,0,neutral
Flawless TV. Works perfectly and looks amazing.,5,0,positive
"The shoes works, but I expected better quality.",3,0,positive
Poor quality laptop. Doesn't work as advertised.,2,0,negative
"Decent book, though it has some issues.",3,0,positive
"Decent headphones, though it has some issues.",3,0,positive
Bad device not working waste money. fall,3,1,negative
Five stars for this amazing shoes. Couldn't be happier!,5,0,positive
"Very good shoes, but there's room for improvement. three miss evidence deal reality or nice. tend relationship investment certainly.",4,0,positive
Five stars for this amazing video game. Couldn't be happier!,5,0,neutral
Best book I've ever owned. Highly recommend to everyone.,5,0,positive
Frustrating smartwatch. Many things need improvement.,2,0,neutral
"Very good jacket, but there's room for improvement. worker behind you rich face less laugh. program again gun receive minute head religious.",4,0,positive
Bad device not working waste money. forward,3,1,negative
"Mediocre smartphone. Not bad, but not great either. Yourself identify seem collection edge billion particular take.",3,0,neutral
I absolutely love this smartwatch! it's perfect in every way. threat leave though include we.,5,0,positive
"Very good headphones, but there's room for improvement.",4,0,positive
Five stars for this amazing blender. Couldn't be happier!,5,0,positive
"The jacket works, but i expected better quality. theory will receive. themselves once hair similar hair leave hard.",3,0,neutral
"Decent blender, though it has some issues. Thus man thus.",3,0,positive
"Very good smartwatch, but there's room for improvement.",4,0,positive
Great headphones overall with just minor issues.,4,0,positive
Flawless TV. Works perfectly and looks amazing.,5,0,positive
"Mediocre shoes. Not bad, but not great either.",3,0,negative
Worst book ever. Do not buy this!,1,0,negative
Five stars for this amazing TV. Couldn't be happier!,5,0,positive
Would recommend product to friends.,4,1,neutral
NOT BAD DEVICE FOR THE PRICE. HARD MARKET SUFFER,5,1,neutral
"Decent headphones, though it has some issues. happy top bill baby ready officer than.",3,0,positive
Best headphones I've ever owned. Highly recommend to everyone.,5,0,positive
I absolutely love this blender! It's perfect in every way.,5,0,positive
This laptop exceeded all my expectations. Worth every penny!,5,0,positive
Flawless smartwatch. Works perfectly and looks amazing.,5,0,positive
"Mediocre headphones. Not bad, but not great either. Attention lose when into.",3,0,negative
Really like this jacket. Would buy again.,4,0,positive
Best smartwatch I've ever owned. Highly recommend to everyone.,5,0,positive
1 star because i can't give zero. this tv is horrible. method congress appear military society big shoulder. shoulder college around.,1,0,negative
Disappointed with this video game. Many problems.,2,0,negative
I'm quite satisfied with this blender. Works well.,4,0,positive
Five stars for this amazing tv. couldn't be happier! recognize age hold cover manager ball film.,5,0,positive
I'm quite satisfied with this laptop. Works well.,4,0,positive
Best headphones I've ever owned. Highly recommend to everyone.,5,0,positive
I absolutely love this book! It's perfect in every way.,5,0,positive
Average jacket. Does the job but has some flaws.,3,0,negative
"Decent shoes, though it has some issues.",3,0,positive
Terrible smartwatch! Complete waste of money. Research order soldier.,1,0,negative
"Mediocre blender. Not bad, but not great either.",3,0,negative
Average smartwatch. does the job but has some flaws. well establish seem federal what.,3,0,negative
DEVICE IS OKAY COULD BE BETTER. BUILD FEW WEST,5,1,positive
Best smartphone i've ever owned. highly recommend to everyone. explain newspaper tax company allow girl. herself probably sound back culture true.,5,0,positive
Best shoes i've ever owned. highly recommend to everyone. research mother claim focus shake technology. hold though story.,5,0,positive
Great blender overall with just minor issues. official change raise very. agree value yes whether.,4,0,positive
This headphones exceeded all my expectations. Worth every penny!,5,0,positive
Disappointed with this jacket. Many problems.,2,0,negative
"Mediocre video game. Not bad, but not great either.",3,0,negative
Average tv. does the job but has some flaws. top report charge floor eight provide.,3,0,positive
"Very good shoes, but there's room for improvement. Make college article surface today modern.",4,0,positive
Disappointed with this shoes. Many problems. Act happy himself address trouble.,2,0,neutral
"Mediocre smartwatch. not bad, but not great either. pay energy set here along floor.",3,0,negative
Flawless blender. Works perfectly and looks amazing. Time mission clearly live purpose much.,5,0,positive
Really like this headphones. would buy again. project loss size.,4,0,positive
I regret buying this awful TV. Broken on arrival.,1,0,negative
I'm quite satisfied with this tv. works well. thousand including determine general enjoy. property cause political range leave sport.,4,0,positive
"The smartphone works, but I expected better quality. Local parent through my cut food create.",3,0,positive
Flawless book. Works perfectly and looks amazing.,5,0,positive
Terrible experience with thing. weight board her,5,1,negative
Excellent TV with just a couple small drawbacks.,4,0,positive
I regret buying this awful tv. broken on arrival. safe perform me song fill. reason to all business partner baby because.,1,0,negative
Poor quality video game. Doesn't work as advertised. Gas land radio keep writer.,2,0,negative
Flawless laptop. Works perfectly and looks amazing. Perform dark benefit get pretty citizen.,5,0,positive
Flawless book. Works perfectly and looks amazing.,5,0,positive
I absolutely love this blender! It's perfect in every way.,5,0,positive
"Decent book, though it has some issues.",3,0,positive
Worst shoes ever. Do not buy this! Light morning bar between knowledge understand.,1,0,negative
"Very good smartwatch, but there's room for improvement.",4,0,positive
Flawless shoes. Works perfectly and looks amazing.,5,0,positive
I'm quite satisfied with this smartphone. Works well.,4,0,positive
This laptop is below average. Wouldn't recommend.,2,0,negative
Not happy with this book. Has major flaws.,2,0,negative
Would recommend gadget to friends. section financial,4,1,neutral
1 star because I can't give zero. This jacket is horrible. Somebody agent against imagine.,1,0,negative
Great laptop overall with just minor issues.,4,0,positive
Not happy with this blender. Has major flaws.,2,0,negative
Average headphones. Does the job but has some flaws.,3,0,negative
This book is below average. Wouldn't recommend. Attention offer before.,2,0,negative
Terrible experience with gadget.,5,1,negative
Frustrating blender. many things need improvement. look at might well according.,2,0,neutral
"This shoes is okay, but nothing special. environmental direction enter.",3,0,positive
Average shoes. does the job but has some flaws. lawyer toward he meet.,3,0,negative
Best laptop I've ever owned. Highly recommend to everyone. Movie begin camera else financial not.,5,0,positive
"The smartwatch works, but I expected better quality.",3,0,positive
Five stars for this amazing blender. Couldn't be happier! Process production time because skin eat.,5,0,positive
Not happy with this smartphone. Has major flaws.,2,0,negative
I'm quite satisfied with this blender. Works well.,4,0,positive
Flawless smartwatch. Works perfectly and looks amazing.,5,0,positive
"Very good smartphone, but there's room for improvement. Agency never care foreign prove whom.",4,0,positive
This book is defective. Absolute garbage.,1,0,positive
Flawless book. Works perfectly and looks amazing.,5,0,positive
Five stars for this amazing blender. Couldn't be happier! Hope test themselves the energy administration bill.,5,0,positive
"The laptop works, but I expected better quality.",3,0,positive
"Decent blender, though it has some issues. several fill campaign choice. year somebody certainly old behind discuss.",3,0,neutral
WOULD RECOMMEND GADGET TO FRIENDS. GUESS ABILITY STOCK,3,1,neutral
I absolutely love this book! it's perfect in every way. speech republican pay.,5,0,positive
Poor quality smartwatch. Doesn't work as advertised.,2,0,negative
"Very good jacket, but there's room for improvement.",4,0,positive
"Decent shoes, though it has some issues.",3,0,positive
I absolutely love this smartphone! it's perfect in every way. number mother dark result game coach able.,5,0,positive
GADGET IS AWESOME MUST BUY!!! avoid side,5,1,positive
Five stars for this amazing smartwatch. Couldn't be happier!,5,0,positive
"This smartphone is okay, but nothing special. recently charge cup month raise box lead.",3,0,positive
This smartphone is below average. Wouldn't recommend. Song perform TV treat.,2,0,negative
Best headphones I've ever owned. Highly recommend to everyone.,5,0,positive
"This headphones is okay, but nothing special.",3,0,positive
PRODUCT IS AWESOME MUST BUY!!!,4,1,positive
I'm quite satisfied with this headphones. Works well. View federal high in throw.,4,0,positive
ITEM IS AWESOME MUST BUY!!!,4,1,positive
"Mediocre headphones. Not bad, but not great either.",3,0,negative
Poor quality jacket. Doesn't work as advertised.,2,0,negative
"This TV is okay, but nothing special. Human know say.",3,0,positive
Five stars for this amazing video game. Couldn't be happier!,5,0,neutral
Five stars for this amazing headphones. Couldn't be happier! Tv decision paper group.,5,0,positive
This smartwatch exceeded all my expectations. Worth every penny!,5,0,positive
Poor quality book. Doesn't work as advertised.,2,0,negative
"This shoes is okay, but nothing special. Long stuff among.",3,0,positive
"The headphones works, but I expected better quality. Still reason suggest agreement want receive.",3,0,positive
Disappointed with this TV. Many problems. Military green teacher arrive from American plan.,2,0,negative
"This jacket is okay, but nothing special. Out just man attorney.",3,0,positive
Really like this video game. Would buy again.,4,0,neutral
Best headphones i've ever owned. highly recommend to everyone. base surface cover job economy. pm talk affect suggest nature product leave.,5,0,positive
I'm quite satisfied with this book. Works well. Truth traditional foreign.,4,0,positive
This TV is defective. Absolute garbage. Doctor cup simple part should rate hot.,1,0,positive
